-- =====================================================
-- YumYumCoach Demo Dump
-- Run this after SSAFY_COACH_Schema.sql
-- =====================================================

SET NAMES utf8mb4;

USE ssafy_yumyumcoach;

START TRANSACTION;

-- -----------------------------------------------------
-- Demo user mapping
-- 9001 = user_demo
-- 9002 = user_mina
-- 9003 = user_joon
-- 9004 = user_hana
-- -----------------------------------------------------

INSERT INTO users (
    user_id, email, password, nickname, gender, birth_year,
    height, weight, goal, health_note, active, created_at, updated_at
) VALUES
(9001, 'demo@yamyam.com', 'Demo1234!', '데모 사용자', 'male', 1996, 176.00, 72.00, 'health', '균형 잡힌 식단과 꾸준한 기록이 목표입니다.', TRUE, '2026-05-01 09:00:00', '2026-05-06 18:10:00'),
(9002, 'mina@yamyam.com', 'Demo1234!', '민아', 'female', 1998, 164.00, 55.00, 'diet', '야식과 당류 섭취를 줄이는 중입니다.', TRUE, '2026-05-01 09:10:00', '2026-05-06 19:10:00'),
(9003, 'joon@yamyam.com', 'Demo1234!', '준호', 'male', 1994, 181.00, 81.00, 'muscle', '운동 후 단백질 보충을 중요하게 생각합니다.', TRUE, '2026-05-01 09:20:00', '2026-05-06 20:10:00'),
(9004, 'hana@yamyam.com', 'Demo1234!', '하나', 'female', 1997, 168.00, 60.00, 'health', '자극적인 음식은 피하고 가볍게 먹는 편입니다.', TRUE, '2026-05-01 09:30:00', '2026-05-06 16:40:00')
ON DUPLICATE KEY UPDATE
    email = VALUES(email),
    password = VALUES(password),
    nickname = VALUES(nickname),
    gender = VALUES(gender),
    birth_year = VALUES(birth_year),
    height = VALUES(height),
    weight = VALUES(weight),
    goal = VALUES(goal),
    health_note = VALUES(health_note),
    active = VALUES(active),
    created_at = VALUES(created_at),
    updated_at = VALUES(updated_at);


INSERT INTO food_nutrition (
    food_code, food_name, category, weight,
    energy_kcal, protein_g, fat_g, carbohydrate_g,
    sugar_g, sodium_mg, cholesterol_mg, saturated_fat_g, trans_fat_g, caffeine_mg
) VALUES
('food_oat', '오트밀', '아침식사', '100g', 380.00, 13.00, 7.00, 66.00, 0.80, 2.00, 0.00, 1.20, 0.00, 0.00),
('food_egg', '삶은 달걀', '단백질', '100g', 156.00, 13.00, 11.00, 1.10, 1.10, 124.00, 373.00, 3.30, 0.00, 0.00),
('food_yogurt', '그릭요거트', '간식', '100g', 95.00, 10.00, 5.00, 4.00, 3.80, 36.00, 15.00, 3.10, 0.00, 0.00),
('food_banana', '바나나', '과일', '100g', 89.00, 1.10, 0.30, 23.00, 12.20, 1.00, 0.00, 0.10, 0.00, 0.00),
('food_rice', '현미밥', '탄수화물', '100g', 150.00, 3.20, 1.10, 32.00, 0.20, 5.00, 0.00, 0.20, 0.00, 0.00),
('food_chicken', '닭가슴살', '단백질', '100g', 165.00, 31.00, 3.60, 0.00, 0.00, 74.00, 85.00, 1.00, 0.00, 0.00),
('food_salad', '샐러드 믹스', '채소', '100g', 32.00, 2.00, 0.40, 6.00, 2.50, 24.00, 0.00, 0.10, 0.00, 0.00),
('food_salmon', '연어구이', '단백질', '100g', 208.00, 20.00, 13.00, 0.00, 0.00, 59.00, 63.00, 2.70, 0.00, 0.00),
('food_potato', '구운 감자', '탄수화물', '100g', 93.00, 2.50, 0.10, 21.00, 1.20, 7.00, 0.00, 0.00, 0.00, 0.00),
('food_tofu', '두부', '단백질', '100g', 84.00, 9.00, 5.00, 2.00, 0.60, 14.00, 0.00, 0.70, 0.00, 0.00),
('food_apple', '사과', '과일', '100g', 52.00, 0.30, 0.20, 14.00, 10.40, 1.00, 0.00, 0.00, 0.00, 0.00),
('food_broccoli', '브로콜리', '채소', '100g', 34.00, 2.80, 0.40, 7.00, 1.70, 33.00, 0.00, 0.10, 0.00, 0.00),
('food_soup', '된장국', '국물요리', '100g', 38.00, 2.70, 1.20, 4.10, 1.10, 410.00, 0.00, 0.20, 0.00, 0.00),
('food_nuts', '믹스넛', '간식', '100g', 579.00, 21.00, 50.00, 22.00, 4.50, 6.00, 0.00, 4.20, 0.00, 0.00),
('food_sweetpotato', '고구마', '탄수화물', '100g', 128.00, 1.60, 0.20, 30.00, 6.00, 15.00, 0.00, 0.10, 0.00, 0.00)
ON DUPLICATE KEY UPDATE
    food_name = VALUES(food_name),
    category = VALUES(category),
    weight = VALUES(weight),
    energy_kcal = VALUES(energy_kcal),
    protein_g = VALUES(protein_g),
    fat_g = VALUES(fat_g),
    carbohydrate_g = VALUES(carbohydrate_g),
    sugar_g = VALUES(sugar_g),
    sodium_mg = VALUES(sodium_mg),
    cholesterol_mg = VALUES(cholesterol_mg),
    saturated_fat_g = VALUES(saturated_fat_g),
    trans_fat_g = VALUES(trans_fat_g),
    caffeine_mg = VALUES(caffeine_mg);


INSERT INTO diet_logs (
    diet_log_id, user_id, log_date, meal_type, total_calorie, memo, image_url, created_at, updated_at
) VALUES
(9101, 9001, '2026-05-06 08:10:00', 'breakfast', 473.00, '오전 포만감을 유지하기 위한 기본 아침 식단입니다.', NULL, '2026-05-06 08:10:00', '2026-05-06 08:10:00'),
(9102, 9001, '2026-05-06 12:35:00', 'lunch', 518.40, '탄수화물과 단백질을 안정적으로 챙긴 점심입니다.', NULL, '2026-05-06 12:35:00', '2026-05-06 12:35:00'),
(9103, 9001, '2026-05-05 18:40:00', 'dinner', 538.00, '기름지지 않으면서도 회복에 도움이 되는 저녁입니다.', NULL, '2026-05-05 18:40:00', '2026-05-05 18:40:00'),
(9104, 9001, '2026-05-04 15:10:00', 'snack', 320.70, '운동 전후로 가볍게 먹은 간식입니다.', NULL, '2026-05-04 15:10:00', '2026-05-04 15:10:00'),
(9105, 9002, '2026-05-06 07:50:00', 'breakfast', 347.30, '아침을 거르지 않기 위해 빠르게 준비한 조합입니다.', NULL, '2026-05-06 07:50:00', '2026-05-06 07:50:00'),
(9106, 9002, '2026-05-05 19:00:00', 'dinner', 330.80, '저녁 칼로리를 낮추되 포만감은 유지하려고 했습니다.', NULL, '2026-05-05 19:00:00', '2026-05-05 19:00:00'),
(9107, 9003, '2026-05-06 13:00:00', 'lunch', 787.00, '근육량 증가 목표에 맞춰 단백질 비중을 높였습니다.', NULL, '2026-05-06 13:00:00', '2026-05-06 13:00:00'),
(9108, 9003, '2026-05-05 20:00:00', 'dinner', 636.40, '운동 후 회복을 위해 단백질과 탄수화물을 함께 구성했습니다.', NULL, '2026-05-05 20:00:00', '2026-05-05 20:00:00'),
(9109, 9004, '2026-05-06 08:30:00', 'breakfast', 304.50, '속이 편한 재료 위주로 가볍게 시작한 아침입니다.', NULL, '2026-05-06 08:30:00', '2026-05-06 08:30:00'),
(9110, 9004, '2026-05-05 16:30:00', 'snack', 175.85, '당이 급하게 떨어질 때 먹는 간단한 간식입니다.', NULL, '2026-05-05 16:30:00', '2026-05-05 16:30:00')
ON DUPLICATE KEY UPDATE
    user_id = VALUES(user_id),
    log_date = VALUES(log_date),
    meal_type = VALUES(meal_type),
    total_calorie = VALUES(total_calorie),
    memo = VALUES(memo),
    image_url = VALUES(image_url),
    created_at = VALUES(created_at),
    updated_at = VALUES(updated_at);


INSERT INTO diet_log_items (
    diet_log_item_id, diet_log_id, food_code, serving_size, selected_grams, created_at, updated_at
) VALUES
(9201, 9101, 'food_oat', 0.60, 60.00, '2026-05-06 08:10:00', '2026-05-06 08:10:00'),
(9202, 9101, 'food_egg', 1.00, 100.00, '2026-05-06 08:10:00', '2026-05-06 08:10:00'),
(9203, 9101, 'food_banana', 1.00, 100.00, '2026-05-06 08:10:00', '2026-05-06 08:10:00'),

(9204, 9102, 'food_rice', 1.50, 150.00, '2026-05-06 12:35:00', '2026-05-06 12:35:00'),
(9205, 9102, 'food_chicken', 1.20, 120.00, '2026-05-06 12:35:00', '2026-05-06 12:35:00'),
(9206, 9102, 'food_salad', 1.20, 120.00, '2026-05-06 12:35:00', '2026-05-06 12:35:00'),
(9207, 9102, 'food_soup', 1.50, 150.00, '2026-05-06 12:35:00', '2026-05-06 12:35:00'),

(9208, 9103, 'food_salmon', 1.50, 150.00, '2026-05-05 18:40:00', '2026-05-05 18:40:00'),
(9209, 9103, 'food_sweetpotato', 1.50, 150.00, '2026-05-05 18:40:00', '2026-05-05 18:40:00'),
(9210, 9103, 'food_broccoli', 1.00, 100.00, '2026-05-05 18:40:00', '2026-05-05 18:40:00'),

(9211, 9104, 'food_yogurt', 1.50, 150.00, '2026-05-04 15:10:00', '2026-05-04 15:10:00'),
(9212, 9104, 'food_apple', 1.20, 120.00, '2026-05-04 15:10:00', '2026-05-04 15:10:00'),
(9213, 9104, 'food_nuts', 0.20, 20.00, '2026-05-04 15:10:00', '2026-05-04 15:10:00'),

(9214, 9105, 'food_yogurt', 1.50, 150.00, '2026-05-06 07:50:00', '2026-05-06 07:50:00'),
(9215, 9105, 'food_banana', 1.00, 100.00, '2026-05-06 07:50:00', '2026-05-06 07:50:00'),
(9216, 9105, 'food_nuts', 0.20, 20.00, '2026-05-06 07:50:00', '2026-05-06 07:50:00'),

(9217, 9106, 'food_tofu', 1.50, 150.00, '2026-05-05 19:00:00', '2026-05-05 19:00:00'),
(9218, 9106, 'food_salad', 1.20, 120.00, '2026-05-05 19:00:00', '2026-05-05 19:00:00'),
(9219, 9106, 'food_sweetpotato', 1.30, 130.00, '2026-05-05 19:00:00', '2026-05-05 19:00:00'),

(9220, 9107, 'food_rice', 2.00, 200.00, '2026-05-06 13:00:00', '2026-05-06 13:00:00'),
(9221, 9107, 'food_chicken', 1.80, 180.00, '2026-05-06 13:00:00', '2026-05-06 13:00:00'),
(9222, 9107, 'food_broccoli', 1.00, 100.00, '2026-05-06 13:00:00', '2026-05-06 13:00:00'),
(9223, 9107, 'food_egg', 1.00, 100.00, '2026-05-06 13:00:00', '2026-05-06 13:00:00'),

(9224, 9108, 'food_salmon', 1.80, 180.00, '2026-05-05 20:00:00', '2026-05-05 20:00:00'),
(9225, 9108, 'food_potato', 2.00, 200.00, '2026-05-05 20:00:00', '2026-05-05 20:00:00'),
(9226, 9108, 'food_soup', 2.00, 200.00, '2026-05-05 20:00:00', '2026-05-05 20:00:00'),

(9227, 9109, 'food_apple', 1.50, 150.00, '2026-05-06 08:30:00', '2026-05-06 08:30:00'),
(9228, 9109, 'food_yogurt', 1.50, 150.00, '2026-05-06 08:30:00', '2026-05-06 08:30:00'),
(9229, 9109, 'food_tofu', 1.00, 100.00, '2026-05-06 08:30:00', '2026-05-06 08:30:00'),

(9230, 9110, 'food_banana', 1.00, 100.00, '2026-05-05 16:30:00', '2026-05-05 16:30:00'),
(9231, 9110, 'food_nuts', 0.15, 15.00, '2026-05-05 16:30:00', '2026-05-05 16:30:00')
ON DUPLICATE KEY UPDATE
    diet_log_id = VALUES(diet_log_id),
    food_code = VALUES(food_code),
    serving_size = VALUES(serving_size),
    selected_grams = VALUES(selected_grams),
    created_at = VALUES(created_at),
    updated_at = VALUES(updated_at);

COMMIT;
