-- MySQL Script generated by MySQL Workbench
-- Fri May 29 17:03:20 2026
-- Model: New Model    Version: 1.0
-- MySQL Workbench Forward Engineering

SET @OLD_UNIQUE_CHECKS=@@UNIQUE_CHECKS, UNIQUE_CHECKS=0;
SET @OLD_FOREIGN_KEY_CHECKS=@@FOREIGN_KEY_CHECKS, FOREIGN_KEY_CHECKS=0;
SET @OLD_SQL_MODE=@@SQL_MODE, SQL_MODE='ONLY_FULL_GROUP_BY,STRICT_TRANS_TABLES,NO_ZERO_IN_DATE,NO_ZERO_DATE,ERROR_FOR_DIVISION_BY_ZERO,NO_ENGINE_SUBSTITUTION';

-- -----------------------------------------------------
-- Schema mydb
-- -----------------------------------------------------
-- -----------------------------------------------------
-- Schema ssafy_yumyumcoach
-- -----------------------------------------------------

-- -----------------------------------------------------
-- Schema ssafy_yumyumcoach
-- -----------------------------------------------------
CREATE SCHEMA IF NOT EXISTS `ssafy_yumyumcoach` DEFAULT CHARACTER SET utf8mb4 COLLATE utf8mb4_0900_ai_ci ;
USE `ssafy_yumyumcoach` ;

-- -----------------------------------------------------
-- Table `ssafy_yumyumcoach`.`batch_job_execution`
-- -----------------------------------------------------
DROP TABLE IF EXISTS `ssafy_yumyumcoach`.`batch_job_execution` ;

CREATE TABLE IF NOT EXISTS `ssafy_yumyumcoach`.`batch_job_execution` (
  `JOB_EXECUTION_ID` BIGINT NOT NULL,
  `VERSION` BIGINT NULL DEFAULT NULL,
  `JOB_INSTANCE_ID` BIGINT NOT NULL,
  `CREATE_TIME` DATETIME(6) NOT NULL,
  `START_TIME` DATETIME(6) NULL DEFAULT NULL,
  `END_TIME` DATETIME(6) NULL DEFAULT NULL,
  `STATUS` VARCHAR(10) NULL DEFAULT NULL,
  `EXIT_CODE` VARCHAR(2500) NULL DEFAULT NULL,
  `EXIT_MESSAGE` VARCHAR(2500) NULL DEFAULT NULL,
  `LAST_UPDATED` DATETIME(6) NULL DEFAULT NULL,
  PRIMARY KEY (`JOB_EXECUTION_ID`),
  INDEX `JOB_INST_EXEC_FK` (`JOB_INSTANCE_ID` ASC) VISIBLE,
  CONSTRAINT `JOB_INST_EXEC_FK`
    FOREIGN KEY (`JOB_INSTANCE_ID`)
    REFERENCES `ssafy_yumyumcoach`.`batch_job_instance` (`JOB_INSTANCE_ID`))
ENGINE = InnoDB
DEFAULT CHARACTER SET = utf8mb4
COLLATE = utf8mb4_0900_ai_ci;


-- -----------------------------------------------------
-- Table `ssafy_yumyumcoach`.`batch_job_execution_context`
-- -----------------------------------------------------
DROP TABLE IF EXISTS `ssafy_yumyumcoach`.`batch_job_execution_context` ;

CREATE TABLE IF NOT EXISTS `ssafy_yumyumcoach`.`batch_job_execution_context` (
  `JOB_EXECUTION_ID` BIGINT NOT NULL,
  `SHORT_CONTEXT` VARCHAR(2500) NOT NULL,
  `SERIALIZED_CONTEXT` TEXT NULL DEFAULT NULL,
  PRIMARY KEY (`JOB_EXECUTION_ID`),
  CONSTRAINT `JOB_EXEC_CTX_FK`
    FOREIGN KEY (`JOB_EXECUTION_ID`)
    REFERENCES `ssafy_yumyumcoach`.`batch_job_execution` (`JOB_EXECUTION_ID`))
ENGINE = InnoDB
DEFAULT CHARACTER SET = utf8mb4
COLLATE = utf8mb4_0900_ai_ci;


-- -----------------------------------------------------
-- Table `ssafy_yumyumcoach`.`batch_job_execution_params`
-- -----------------------------------------------------
DROP TABLE IF EXISTS `ssafy_yumyumcoach`.`batch_job_execution_params` ;

CREATE TABLE IF NOT EXISTS `ssafy_yumyumcoach`.`batch_job_execution_params` (
  `JOB_EXECUTION_ID` BIGINT NOT NULL,
  `PARAMETER_NAME` VARCHAR(100) NOT NULL,
  `PARAMETER_TYPE` VARCHAR(100) NOT NULL,
  `PARAMETER_VALUE` VARCHAR(2500) NULL DEFAULT NULL,
  `IDENTIFYING` CHAR(1) NOT NULL,
  INDEX `JOB_EXEC_PARAMS_FK` (`JOB_EXECUTION_ID` ASC) VISIBLE,
  CONSTRAINT `JOB_EXEC_PARAMS_FK`
    FOREIGN KEY (`JOB_EXECUTION_ID`)
    REFERENCES `ssafy_yumyumcoach`.`batch_job_execution` (`JOB_EXECUTION_ID`))
ENGINE = InnoDB
DEFAULT CHARACTER SET = utf8mb4
COLLATE = utf8mb4_0900_ai_ci;


-- -----------------------------------------------------
-- Table `ssafy_yumyumcoach`.`batch_job_execution_seq`
-- -----------------------------------------------------
DROP TABLE IF EXISTS `ssafy_yumyumcoach`.`batch_job_execution_seq` ;

CREATE TABLE IF NOT EXISTS `ssafy_yumyumcoach`.`batch_job_execution_seq` (
  `ID` BIGINT NOT NULL,
  `UNIQUE_KEY` CHAR(1) NOT NULL,
  UNIQUE INDEX `UNIQUE_KEY_UN` (`UNIQUE_KEY` ASC))
ENGINE = InnoDB
DEFAULT CHARACTER SET = utf8mb4
COLLATE = utf8mb4_0900_ai_ci;


-- -----------------------------------------------------
-- Table `ssafy_yumyumcoach`.`batch_job_instance`
-- -----------------------------------------------------
DROP TABLE IF EXISTS `ssafy_yumyumcoach`.`batch_job_instance` ;

CREATE TABLE IF NOT EXISTS `ssafy_yumyumcoach`.`batch_job_instance` (
  `JOB_INSTANCE_ID` BIGINT NOT NULL,
  `VERSION` BIGINT NULL DEFAULT NULL,
  `JOB_NAME` VARCHAR(100) NOT NULL,
  `JOB_KEY` VARCHAR(32) NOT NULL,
  PRIMARY KEY (`JOB_INSTANCE_ID`),
  UNIQUE INDEX `JOB_INST_UN` (`JOB_NAME` ASC, `JOB_KEY` ASC) VISIBLE)
ENGINE = InnoDB
DEFAULT CHARACTER SET = utf8mb4
COLLATE = utf8mb4_0900_ai_ci;


-- -----------------------------------------------------
-- Table `ssafy_yumyumcoach`.`batch_job_seq`
-- -----------------------------------------------------
DROP TABLE IF EXISTS `ssafy_yumyumcoach`.`batch_job_seq` ;

CREATE TABLE IF NOT EXISTS `ssafy_yumyumcoach`.`batch_job_seq` (
  `ID` BIGINT NOT NULL,
  `UNIQUE_KEY` CHAR(1) NOT NULL,
  UNIQUE INDEX `UNIQUE_KEY_UN` (`UNIQUE_KEY` ASC))
ENGINE = InnoDB
DEFAULT CHARACTER SET = utf8mb4
COLLATE = utf8mb4_0900_ai_ci;


-- -----------------------------------------------------
-- Table `ssafy_yumyumcoach`.`batch_step_execution`
-- -----------------------------------------------------
DROP TABLE IF EXISTS `ssafy_yumyumcoach`.`batch_step_execution` ;

CREATE TABLE IF NOT EXISTS `ssafy_yumyumcoach`.`batch_step_execution` (
  `STEP_EXECUTION_ID` BIGINT NOT NULL,
  `VERSION` BIGINT NOT NULL,
  `STEP_NAME` VARCHAR(100) NOT NULL,
  `JOB_EXECUTION_ID` BIGINT NOT NULL,
  `CREATE_TIME` DATETIME(6) NOT NULL,
  `START_TIME` DATETIME(6) NULL DEFAULT NULL,
  `END_TIME` DATETIME(6) NULL DEFAULT NULL,
  `STATUS` VARCHAR(10) NULL DEFAULT NULL,
  `COMMIT_COUNT` BIGINT NULL DEFAULT NULL,
  `READ_COUNT` BIGINT NULL DEFAULT NULL,
  `FILTER_COUNT` BIGINT NULL DEFAULT NULL,
  `WRITE_COUNT` BIGINT NULL DEFAULT NULL,
  `READ_SKIP_COUNT` BIGINT NULL DEFAULT NULL,
  `WRITE_SKIP_COUNT` BIGINT NULL DEFAULT NULL,
  `PROCESS_SKIP_COUNT` BIGINT NULL DEFAULT NULL,
  `ROLLBACK_COUNT` BIGINT NULL DEFAULT NULL,
  `EXIT_CODE` VARCHAR(2500) NULL DEFAULT NULL,
  `EXIT_MESSAGE` VARCHAR(2500) NULL DEFAULT NULL,
  `LAST_UPDATED` DATETIME(6) NULL DEFAULT NULL,
  PRIMARY KEY (`STEP_EXECUTION_ID`),
  INDEX `JOB_EXEC_STEP_FK` (`JOB_EXECUTION_ID` ASC) VISIBLE,
  CONSTRAINT `JOB_EXEC_STEP_FK`
    FOREIGN KEY (`JOB_EXECUTION_ID`)
    REFERENCES `ssafy_yumyumcoach`.`batch_job_execution` (`JOB_EXECUTION_ID`))
ENGINE = InnoDB
DEFAULT CHARACTER SET = utf8mb4
COLLATE = utf8mb4_0900_ai_ci;


-- -----------------------------------------------------
-- Table `ssafy_yumyumcoach`.`batch_step_execution_context`
-- -----------------------------------------------------
DROP TABLE IF EXISTS `ssafy_yumyumcoach`.`batch_step_execution_context` ;

CREATE TABLE IF NOT EXISTS `ssafy_yumyumcoach`.`batch_step_execution_context` (
  `STEP_EXECUTION_ID` BIGINT NOT NULL,
  `SHORT_CONTEXT` VARCHAR(2500) NOT NULL,
  `SERIALIZED_CONTEXT` TEXT NULL DEFAULT NULL,
  PRIMARY KEY (`STEP_EXECUTION_ID`),
  CONSTRAINT `STEP_EXEC_CTX_FK`
    FOREIGN KEY (`STEP_EXECUTION_ID`)
    REFERENCES `ssafy_yumyumcoach`.`batch_step_execution` (`STEP_EXECUTION_ID`))
ENGINE = InnoDB
DEFAULT CHARACTER SET = utf8mb4
COLLATE = utf8mb4_0900_ai_ci;


-- -----------------------------------------------------
-- Table `ssafy_yumyumcoach`.`batch_step_execution_seq`
-- -----------------------------------------------------
DROP TABLE IF EXISTS `ssafy_yumyumcoach`.`batch_step_execution_seq` ;

CREATE TABLE IF NOT EXISTS `ssafy_yumyumcoach`.`batch_step_execution_seq` (
  `ID` BIGINT NOT NULL,
  `UNIQUE_KEY` CHAR(1) NOT NULL,
  UNIQUE INDEX `UNIQUE_KEY_UN` (`UNIQUE_KEY` ASC))
ENGINE = InnoDB
DEFAULT CHARACTER SET = utf8mb4
COLLATE = utf8mb4_0900_ai_ci;


-- -----------------------------------------------------
-- Table `ssafy_yumyumcoach`.`community_comments`
-- -----------------------------------------------------
DROP TABLE IF EXISTS `ssafy_yumyumcoach`.`community_comments` ;

CREATE TABLE IF NOT EXISTS `ssafy_yumyumcoach`.`community_comments` (
  `comment_id` VARCHAR(64) NOT NULL,
  `post_id` VARCHAR(64) NOT NULL,
  `user_id` VARCHAR(64) NOT NULL,
  `content` TEXT NOT NULL,
  `created_at` DATETIME NOT NULL,
  `updated_at` DATETIME NOT NULL,
  PRIMARY KEY (`comment_id`),
  INDEX `idx_community_comments_post_created` (`post_id` ASC, `created_at` ASC) VISIBLE,
  CONSTRAINT `fk_community_comments_post_id`
    FOREIGN KEY (`post_id`)
    REFERENCES `ssafy_yumyumcoach`.`community_posts` (`post_id`)
    ON DELETE CASCADE)
ENGINE = InnoDB
DEFAULT CHARACTER SET = utf8mb4
COLLATE = utf8mb4_0900_ai_ci;


-- -----------------------------------------------------
-- Table `ssafy_yumyumcoach`.`community_posts`
-- -----------------------------------------------------
DROP TABLE IF EXISTS `ssafy_yumyumcoach`.`community_posts` ;

CREATE TABLE IF NOT EXISTS `ssafy_yumyumcoach`.`community_posts` (
  `post_id` VARCHAR(64) NOT NULL,
  `user_id` VARCHAR(64) NOT NULL,
  `category` VARCHAR(30) NULL DEFAULT NULL,
  `linked_meal_id` VARCHAR(64) NULL DEFAULT NULL,
  `title` VARCHAR(200) NOT NULL,
  `content` TEXT NOT NULL,
  `created_at` DATETIME NOT NULL,
  `updated_at` DATETIME NOT NULL,
  PRIMARY KEY (`post_id`),
  INDEX `idx_community_posts_user_created` (`user_id` ASC, `created_at` ASC) VISIBLE,
  INDEX `idx_community_posts_category_created` (`category` ASC, `created_at` ASC) VISIBLE)
ENGINE = InnoDB
DEFAULT CHARACTER SET = utf8mb4
COLLATE = utf8mb4_0900_ai_ci;


-- -----------------------------------------------------
-- Table `ssafy_yumyumcoach`.`diet_log_items`
-- -----------------------------------------------------
DROP TABLE IF EXISTS `ssafy_yumyumcoach`.`diet_log_items` ;

CREATE TABLE IF NOT EXISTS `ssafy_yumyumcoach`.`diet_log_items` (
  `diet_log_item_id` INT NOT NULL AUTO_INCREMENT COMMENT '식단 항목 PK',
  `diet_log_id` INT NOT NULL COMMENT 'FK: diet_logs.diet_log_id',
  `food_code` VARCHAR(50) NOT NULL COMMENT 'FK: food_nutrition.food_code',
  `serving_size` DECIMAL(5,2) NOT NULL DEFAULT '1.00' COMMENT '섭취량(인분)',
  `selected_grams` DECIMAL(10,2) NULL DEFAULT NULL COMMENT '선택 섭취량(g)',
  `created_at` DATETIME NOT NULL DEFAULT CURRENT_TIMESTAMP COMMENT '생성 일시',
  `updated_at` DATETIME NOT NULL DEFAULT CURRENT_TIMESTAMP ON UPDATE CURRENT_TIMESTAMP COMMENT '수정 일시',
  PRIMARY KEY (`diet_log_item_id`),
  INDEX `idx_diet_log_items_diet_log_id` (`diet_log_id` ASC) VISIBLE,
  INDEX `idx_diet_log_items_food_code` (`food_code` ASC) VISIBLE,
  CONSTRAINT `fk_diet_log_items_diet_log_id`
    FOREIGN KEY (`diet_log_id`)
    REFERENCES `ssafy_yumyumcoach`.`diet_logs` (`diet_log_id`)
    ON DELETE CASCADE
    ON UPDATE CASCADE,
  CONSTRAINT `fk_diet_log_items_food_code`
    FOREIGN KEY (`food_code`)
    REFERENCES `ssafy_yumyumcoach`.`food_nutrition` (`food_code`)
    ON DELETE RESTRICT
    ON UPDATE CASCADE)
ENGINE = InnoDB
AUTO_INCREMENT = 9
DEFAULT CHARACTER SET = utf8mb4
COLLATE = utf8mb4_0900_ai_ci
COMMENT = '식단별 섭취 음식 목록';


-- -----------------------------------------------------
-- Table `ssafy_yumyumcoach`.`diet_logs`
-- -----------------------------------------------------
DROP TABLE IF EXISTS `ssafy_yumyumcoach`.`diet_logs` ;

CREATE TABLE IF NOT EXISTS `ssafy_yumyumcoach`.`diet_logs` (
  `diet_log_id` INT NOT NULL AUTO_INCREMENT COMMENT '식단로그 PK',
  `user_id` VARCHAR(64) NOT NULL COMMENT 'FK: users.user_id',
  `log_date` DATETIME NOT NULL COMMENT '식단 기록 일시',
  `meal_type` VARCHAR(20) NULL DEFAULT NULL COMMENT '식사 유형(아침/점심/저녁/간식)',
  `total_calorie` DECIMAL(10,2) NULL DEFAULT NULL COMMENT '총 칼로리(옵션)',
  `memo` VARCHAR(500) NULL DEFAULT NULL COMMENT '메모/코멘트',
  `image_url` VARCHAR(500) NULL DEFAULT NULL COMMENT '식단 이미지 URL',
  `created_at` DATETIME NOT NULL DEFAULT CURRENT_TIMESTAMP COMMENT '생성 일시',
  `updated_at` DATETIME NOT NULL DEFAULT CURRENT_TIMESTAMP ON UPDATE CURRENT_TIMESTAMP COMMENT '수정 일시',
  PRIMARY KEY (`diet_log_id`),
  INDEX `idx_diet_logs_user_date` (`user_id` ASC, `log_date` ASC) VISIBLE,
  CONSTRAINT `fk_diet_logs_user_id`
    FOREIGN KEY (`user_id`)
    REFERENCES `ssafy_yumyumcoach`.`users` (`user_id`)
    ON DELETE CASCADE
    ON UPDATE CASCADE)
ENGINE = InnoDB
AUTO_INCREMENT = 4
DEFAULT CHARACTER SET = utf8mb4
COLLATE = utf8mb4_0900_ai_ci
COMMENT = '식단 기록 테이블';


-- -----------------------------------------------------
-- Table `ssafy_yumyumcoach`.`food_nutrition`
-- -----------------------------------------------------
DROP TABLE IF EXISTS `ssafy_yumyumcoach`.`food_nutrition` ;

CREATE TABLE IF NOT EXISTS `ssafy_yumyumcoach`.`food_nutrition` (
  `food_code` VARCHAR(50) NOT NULL COMMENT '식품코드',
  `food_name` VARCHAR(200) NOT NULL COMMENT '식품명',
  `category` VARCHAR(100) NULL DEFAULT NULL COMMENT '식품대분류명',
  `weight` VARCHAR(50) NULL DEFAULT NULL COMMENT '식품중량(표시단위 포함)',
  `energy_kcal` DECIMAL(10,2) NULL DEFAULT NULL COMMENT '에너지(kcal)',
  `protein_g` DECIMAL(10,2) NULL DEFAULT NULL COMMENT '단백질(g)',
  `fat_g` DECIMAL(10,2) NULL DEFAULT NULL COMMENT '지방(g)',
  `carbohydrate_g` DECIMAL(10,2) NULL DEFAULT NULL COMMENT '탄수화물(g)',
  `sugar_g` DECIMAL(10,2) NULL DEFAULT NULL COMMENT '당류(g)',
  `sodium_mg` DECIMAL(10,2) NULL DEFAULT NULL COMMENT '나트륨(mg)',
  `cholesterol_mg` DECIMAL(10,2) NULL DEFAULT NULL COMMENT '콜레스테롤(mg)',
  `saturated_fat_g` DECIMAL(10,2) NULL DEFAULT NULL COMMENT '포화지방산(g)',
  `trans_fat_g` DECIMAL(10,2) NULL DEFAULT NULL COMMENT '트랜스지방산(g)',
  `caffeine_mg` DECIMAL(10,2) NULL DEFAULT NULL COMMENT '카페인(mg)',
  PRIMARY KEY (`food_code`),
  FULLTEXT INDEX `idx_ft_food_name` (`food_name`) VISIBLE)
ENGINE = InnoDB
DEFAULT CHARACTER SET = utf8mb4
COLLATE = utf8mb4_0900_ai_ci
COMMENT = '음식 영양정보 테이블';


-- -----------------------------------------------------
-- Table `ssafy_yumyumcoach`.`meal_foods`
-- -----------------------------------------------------
DROP TABLE IF EXISTS `ssafy_yumyumcoach`.`meal_foods` ;

CREATE TABLE IF NOT EXISTS `ssafy_yumyumcoach`.`meal_foods` (
  `meal_id` VARCHAR(64) NOT NULL,
  `item_order` INT NOT NULL,
  `food_code` VARCHAR(64) NOT NULL,
  `food_name` VARCHAR(200) NOT NULL,
  `category` VARCHAR(100) NULL DEFAULT NULL,
  `grams` DOUBLE NOT NULL,
  `energy` DOUBLE NOT NULL,
  `carbs` DOUBLE NOT NULL,
  `protein` DOUBLE NOT NULL,
  `fat` DOUBLE NOT NULL,
  PRIMARY KEY (`meal_id`, `item_order`),
  CONSTRAINT `fk_meal_foods_meal_id`
    FOREIGN KEY (`meal_id`)
    REFERENCES `ssafy_yumyumcoach`.`meals` (`meal_id`)
    ON DELETE CASCADE)
ENGINE = InnoDB
DEFAULT CHARACTER SET = utf8mb4
COLLATE = utf8mb4_0900_ai_ci;


-- -----------------------------------------------------
-- Table `ssafy_yumyumcoach`.`meals`
-- -----------------------------------------------------
DROP TABLE IF EXISTS `ssafy_yumyumcoach`.`meals` ;

CREATE TABLE IF NOT EXISTS `ssafy_yumyumcoach`.`meals` (
  `meal_id` VARCHAR(64) NOT NULL,
  `user_id` VARCHAR(64) NOT NULL,
  `meal_date` DATE NOT NULL,
  `meal_type` VARCHAR(20) NOT NULL,
  `memo` VARCHAR(500) NULL DEFAULT NULL,
  `created_at` DATETIME NOT NULL,
  `updated_at` DATETIME NOT NULL,
  PRIMARY KEY (`meal_id`),
  INDEX `idx_meals_user_date` (`user_id` ASC, `meal_date` ASC) VISIBLE)
ENGINE = InnoDB
DEFAULT CHARACTER SET = utf8mb4
COLLATE = utf8mb4_0900_ai_ci;


-- -----------------------------------------------------
-- Table `ssafy_yumyumcoach`.`nutrition_import_report`
-- -----------------------------------------------------
DROP TABLE IF EXISTS `ssafy_yumyumcoach`.`nutrition_import_report` ;

CREATE TABLE IF NOT EXISTS `ssafy_yumyumcoach`.`nutrition_import_report` (
  `report_id` BIGINT NOT NULL AUTO_INCREMENT,
  `job_execution_id` BIGINT NOT NULL,
  `source_name` VARCHAR(120) NOT NULL,
  `source_path` VARCHAR(500) NOT NULL,
  `total_count` INT NOT NULL,
  `success_count` INT NOT NULL,
  `failed_count` INT NOT NULL,
  `ready_count` INT NOT NULL,
  `started_at` DATETIME NULL DEFAULT NULL,
  `finished_at` DATETIME NOT NULL,
  PRIMARY KEY (`report_id`),
  UNIQUE INDEX `uq_nutrition_report_job` (`job_execution_id` ASC) VISIBLE)
ENGINE = InnoDB
AUTO_INCREMENT = 4
DEFAULT CHARACTER SET = utf8mb4
COLLATE = utf8mb4_0900_ai_ci;


-- -----------------------------------------------------
-- Table `ssafy_yumyumcoach`.`nutrition_import_staging`
-- -----------------------------------------------------
DROP TABLE IF EXISTS `ssafy_yumyumcoach`.`nutrition_import_staging` ;

CREATE TABLE IF NOT EXISTS `ssafy_yumyumcoach`.`nutrition_import_staging` (
  `staging_id` BIGINT NOT NULL AUTO_INCREMENT,
  `job_execution_id` BIGINT NOT NULL,
  `source_name` VARCHAR(120) NOT NULL,
  `source_path` VARCHAR(500) NOT NULL,
  `source_row_no` INT NOT NULL,
  `raw_food_code` VARCHAR(100) NULL DEFAULT NULL,
  `raw_food_name` VARCHAR(300) NULL DEFAULT NULL,
  `raw_category` VARCHAR(200) NULL DEFAULT NULL,
  `raw_weight` VARCHAR(100) NULL DEFAULT NULL,
  `raw_energy_kcal` VARCHAR(100) NULL DEFAULT NULL,
  `raw_protein_g` VARCHAR(100) NULL DEFAULT NULL,
  `raw_fat_g` VARCHAR(100) NULL DEFAULT NULL,
  `raw_carbohydrate_g` VARCHAR(100) NULL DEFAULT NULL,
  `raw_sugar_g` VARCHAR(100) NULL DEFAULT NULL,
  `raw_sodium_mg` VARCHAR(100) NULL DEFAULT NULL,
  `raw_cholesterol_mg` VARCHAR(100) NULL DEFAULT NULL,
  `raw_saturated_fat_g` VARCHAR(100) NULL DEFAULT NULL,
  `raw_trans_fat_g` VARCHAR(100) NULL DEFAULT NULL,
  `raw_caffeine_mg` VARCHAR(100) NULL DEFAULT NULL,
  `import_status` VARCHAR(20) NOT NULL DEFAULT 'READY',
  `error_message` VARCHAR(500) NULL DEFAULT NULL,
  `created_at` DATETIME NOT NULL DEFAULT CURRENT_TIMESTAMP,
  `updated_at` DATETIME NOT NULL DEFAULT CURRENT_TIMESTAMP ON UPDATE CURRENT_TIMESTAMP,
  PRIMARY KEY (`staging_id`),
  UNIQUE INDEX `uq_nutrition_stage_job_row` (`job_execution_id` ASC, `source_name` ASC, `source_row_no` ASC) VISIBLE,
  INDEX `idx_nutrition_stage_job_status_id` (`job_execution_id` ASC, `import_status` ASC, `staging_id` ASC) VISIBLE)
ENGINE = InnoDB
AUTO_INCREMENT = 1912
DEFAULT CHARACTER SET = utf8mb4
COLLATE = utf8mb4_0900_ai_ci;


-- -----------------------------------------------------
-- Table `ssafy_yumyumcoach`.`users`
-- -----------------------------------------------------
DROP TABLE IF EXISTS `ssafy_yumyumcoach`.`users` ;

CREATE TABLE IF NOT EXISTS `ssafy_yumyumcoach`.`users` (
  `user_id` VARCHAR(64) NOT NULL COMMENT '회원 PK',
  `email` VARCHAR(100) NOT NULL COMMENT '이메일',
  `password` VARCHAR(100) NOT NULL COMMENT '비밀번호',
  `nickname` VARCHAR(50) NOT NULL COMMENT '닉네임',
  `gender` VARCHAR(20) NULL DEFAULT NULL COMMENT '성별',
  `birth_year` INT NULL DEFAULT NULL COMMENT '출생연도',
  `height` DECIMAL(5,2) NULL DEFAULT NULL COMMENT '키(cm)',
  `weight` DECIMAL(5,2) NULL DEFAULT NULL COMMENT '몸무게(kg)',
  `goal` VARCHAR(100) NULL DEFAULT NULL COMMENT '건강 목표',
  `health_note` VARCHAR(500) NULL DEFAULT NULL COMMENT '건강 메모/질환 정보',
  `active` TINYINT(1) NOT NULL DEFAULT '1' COMMENT '활성 여부',
  `created_at` DATETIME NOT NULL DEFAULT CURRENT_TIMESTAMP COMMENT '생성 일시',
  `updated_at` DATETIME NOT NULL DEFAULT CURRENT_TIMESTAMP ON UPDATE CURRENT_TIMESTAMP COMMENT '수정 일시',
  PRIMARY KEY (`user_id`),
  UNIQUE INDEX `email` (`email` ASC) VISIBLE)
ENGINE = InnoDB
DEFAULT CHARACTER SET = utf8mb4
COLLATE = utf8mb4_0900_ai_ci
COMMENT = '회원 정보 테이블';


SET SQL_MODE=@OLD_SQL_MODE;
SET FOREIGN_KEY_CHECKS=@OLD_FOREIGN_KEY_CHECKS;
SET UNIQUE_CHECKS=@OLD_UNIQUE_CHECKS;

-- -----------------------------------------------------


-- =====================================================
-- YumYumCoach Demo Dump
-- Run this after SSAFY_COACH_Schema.sql
-- =====================================================

SET NAMES utf8mb4;

USE ssafy_yumyumcoach;

START TRANSACTION;

-- -----------------------------------------------------
-- Demo user mapping
-- user_demo
-- user_mina
-- user_joon
-- user_hana
-- -----------------------------------------------------

INSERT INTO users (
    user_id, email, password, nickname, gender, birth_year,
    height, weight, goal, health_note, active, created_at, updated_at
) VALUES
('user_demo', 'demo@yumyum.com', 'Demo1234!', '데모 사용자', 'male', 1996, 176.00, 72.00, 'health', '균형 잡힌 식단과 꾸준한 기록이 목표입니다.', TRUE, '2026-05-01 09:00:00', '2026-05-06 18:10:00'),
('user_mina', 'mina@yumyum.com', 'Demo1234!', '민아', 'female', 1998, 164.00, 55.00, 'diet', '야식과 당류 섭취를 줄이는 중입니다.', TRUE, '2026-05-01 09:10:00', '2026-05-06 19:10:00'),
('user_joon', 'joon@yumyum.com', 'Demo1234!', '준호', 'male', 1994, 181.00, 81.00, 'muscle', '운동 후 단백질 보충을 중요하게 생각합니다.', TRUE, '2026-05-01 09:20:00', '2026-05-06 20:10:00'),
('user_hana', 'hana@yumyum.com', 'Demo1234!', '하나', 'female', 1997, 168.00, 60.00, 'health', '자극적인 음식은 피하고 가볍게 먹는 편입니다.', TRUE, '2026-05-01 09:30:00', '2026-05-06 16:40:00')
ON DUPLICATE KEY UPDATE
    email = VALUES(email),
    password = VALUES(password),
    nickname = VALUES(nickname),
    gender = VALUES(gender),
    birth_year = VALUES(birth_year),
    height = VALUES(height),
    weight = VALUES(weight),
    goal = VALUES(goal),
    health_note = VALUES(health_note),
    active = VALUES(active),
    created_at = VALUES(created_at),
    updated_at = VALUES(updated_at);


INSERT INTO food_nutrition (
    food_code, food_name, category, weight,
    energy_kcal, protein_g, fat_g, carbohydrate_g,
    sugar_g, sodium_mg, cholesterol_mg, saturated_fat_g, trans_fat_g, caffeine_mg
) VALUES
('food_oat', '오트밀', '아침식사', '100g', 380.00, 13.00, 7.00, 66.00, 0.80, 2.00, 0.00, 1.20, 0.00, 0.00),
('food_egg', '삶은 달걀', '단백질', '100g', 156.00, 13.00, 11.00, 1.10, 1.10, 124.00, 373.00, 3.30, 0.00, 0.00),
('food_yogurt', '그릭요거트', '간식', '100g', 95.00, 10.00, 5.00, 4.00, 3.80, 36.00, 15.00, 3.10, 0.00, 0.00),
('food_banana', '바나나', '과일', '100g', 89.00, 1.10, 0.30, 23.00, 12.20, 1.00, 0.00, 0.10, 0.00, 0.00),
('food_rice', '현미밥', '탄수화물', '100g', 150.00, 3.20, 1.10, 32.00, 0.20, 5.00, 0.00, 0.20, 0.00, 0.00),
('food_chicken', '닭가슴살', '단백질', '100g', 165.00, 31.00, 3.60, 0.00, 0.00, 74.00, 85.00, 1.00, 0.00, 0.00),
('food_salad', '샐러드 믹스', '채소', '100g', 32.00, 2.00, 0.40, 6.00, 2.50, 24.00, 0.00, 0.10, 0.00, 0.00),
('food_salmon', '연어구이', '단백질', '100g', 208.00, 20.00, 13.00, 0.00, 0.00, 59.00, 63.00, 2.70, 0.00, 0.00),
('food_potato', '구운 감자', '탄수화물', '100g', 93.00, 2.50, 0.10, 21.00, 1.20, 7.00, 0.00, 0.00, 0.00, 0.00),
('food_tofu', '두부', '단백질', '100g', 84.00, 9.00, 5.00, 2.00, 0.60, 14.00, 0.00, 0.70, 0.00, 0.00),
('food_apple', '사과', '과일', '100g', 52.00, 0.30, 0.20, 14.00, 10.40, 1.00, 0.00, 0.00, 0.00, 0.00),
('food_broccoli', '브로콜리', '채소', '100g', 34.00, 2.80, 0.40, 7.00, 1.70, 33.00, 0.00, 0.10, 0.00, 0.00),
('food_soup', '된장국', '국물요리', '100g', 38.00, 2.70, 1.20, 4.10, 1.10, 410.00, 0.00, 0.20, 0.00, 0.00),
('food_nuts', '믹스넛', '간식', '100g', 579.00, 21.00, 50.00, 22.00, 4.50, 6.00, 0.00, 4.20, 0.00, 0.00),
('food_sweetpotato', '고구마', '탄수화물', '100g', 128.00, 1.60, 0.20, 30.00, 6.00, 15.00, 0.00, 0.10, 0.00, 0.00)
ON DUPLICATE KEY UPDATE
    food_name = VALUES(food_name),
    category = VALUES(category),
    weight = VALUES(weight),
    energy_kcal = VALUES(energy_kcal),
    protein_g = VALUES(protein_g),
    fat_g = VALUES(fat_g),
    carbohydrate_g = VALUES(carbohydrate_g),
    sugar_g = VALUES(sugar_g),
    sodium_mg = VALUES(sodium_mg),
    cholesterol_mg = VALUES(cholesterol_mg),
    saturated_fat_g = VALUES(saturated_fat_g),
    trans_fat_g = VALUES(trans_fat_g),
    caffeine_mg = VALUES(caffeine_mg);


INSERT INTO diet_logs (
    diet_log_id, user_id, log_date, meal_type, total_calorie, memo, image_url, created_at, updated_at
) VALUES
(9101, 'user_demo', '2026-05-06 08:10:00', 'breakfast', 473.00, '오전 포만감을 유지하기 위한 기본 아침 식단입니다.', NULL, '2026-05-06 08:10:00', '2026-05-06 08:10:00'),
(9102, 'user_demo', '2026-05-06 12:35:00', 'lunch', 518.40, '탄수화물과 단백질을 안정적으로 챙긴 점심입니다.', NULL, '2026-05-06 12:35:00', '2026-05-06 12:35:00'),
(9103, 'user_demo', '2026-05-05 18:40:00', 'dinner', 538.00, '기름지지 않으면서도 회복에 도움이 되는 저녁입니다.', NULL, '2026-05-05 18:40:00', '2026-05-05 18:40:00'),
(9104, 'user_demo', '2026-05-04 15:10:00', 'snack', 320.70, '운동 전후로 가볍게 먹은 간식입니다.', NULL, '2026-05-04 15:10:00', '2026-05-04 15:10:00'),
(9105, 'user_mina', '2026-05-06 07:50:00', 'breakfast', 347.30, '아침을 거르지 않기 위해 빠르게 준비한 조합입니다.', NULL, '2026-05-06 07:50:00', '2026-05-06 07:50:00'),
(9106, 'user_mina', '2026-05-05 19:00:00', 'dinner', 330.80, '저녁 칼로리를 낮추되 포만감은 유지하려고 했습니다.', NULL, '2026-05-05 19:00:00', '2026-05-05 19:00:00'),
(9107, 'user_joon', '2026-05-06 13:00:00', 'lunch', 787.00, '근육량 증가 목표에 맞춰 단백질 비중을 높였습니다.', NULL, '2026-05-06 13:00:00', '2026-05-06 13:00:00'),
(9108, 'user_joon', '2026-05-05 20:00:00', 'dinner', 636.40, '운동 후 회복을 위해 단백질과 탄수화물을 함께 구성했습니다.', NULL, '2026-05-05 20:00:00', '2026-05-05 20:00:00'),
(9109, 'user_hana', '2026-05-06 08:30:00', 'breakfast', 304.50, '속이 편한 재료 위주로 가볍게 시작한 아침입니다.', NULL, '2026-05-06 08:30:00', '2026-05-06 08:30:00'),
(9110, 'user_hana', '2026-05-05 16:30:00', 'snack', 175.85, '당이 급하게 떨어질 때 먹는 간단한 간식입니다.', NULL, '2026-05-05 16:30:00', '2026-05-05 16:30:00')
ON DUPLICATE KEY UPDATE
    user_id = VALUES(user_id),
    log_date = VALUES(log_date),
    meal_type = VALUES(meal_type),
    total_calorie = VALUES(total_calorie),
    memo = VALUES(memo),
    image_url = VALUES(image_url),
    created_at = VALUES(created_at),
    updated_at = VALUES(updated_at);


INSERT INTO diet_log_items (
    diet_log_item_id, diet_log_id, food_code, serving_size, selected_grams, created_at, updated_at
) VALUES
(9201, 9101, 'food_oat', 0.60, 60.00, '2026-05-06 08:10:00', '2026-05-06 08:10:00'),
(9202, 9101, 'food_egg', 1.00, 100.00, '2026-05-06 08:10:00', '2026-05-06 08:10:00'),
(9203, 9101, 'food_banana', 1.00, 100.00, '2026-05-06 08:10:00', '2026-05-06 08:10:00'),

(9204, 9102, 'food_rice', 1.50, 150.00, '2026-05-06 12:35:00', '2026-05-06 12:35:00'),
(9205, 9102, 'food_chicken', 1.20, 120.00, '2026-05-06 12:35:00', '2026-05-06 12:35:00'),
(9206, 9102, 'food_salad', 1.20, 120.00, '2026-05-06 12:35:00', '2026-05-06 12:35:00'),
(9207, 9102, 'food_soup', 1.50, 150.00, '2026-05-06 12:35:00', '2026-05-06 12:35:00'),

(9208, 9103, 'food_salmon', 1.50, 150.00, '2026-05-05 18:40:00', '2026-05-05 18:40:00'),
(9209, 9103, 'food_sweetpotato', 1.50, 150.00, '2026-05-05 18:40:00', '2026-05-05 18:40:00'),
(9210, 9103, 'food_broccoli', 1.00, 100.00, '2026-05-05 18:40:00', '2026-05-05 18:40:00'),

(9211, 9104, 'food_yogurt', 1.50, 150.00, '2026-05-04 15:10:00', '2026-05-04 15:10:00'),
(9212, 9104, 'food_apple', 1.20, 120.00, '2026-05-04 15:10:00', '2026-05-04 15:10:00'),
(9213, 9104, 'food_nuts', 0.20, 20.00, '2026-05-04 15:10:00', '2026-05-04 15:10:00'),

(9214, 9105, 'food_yogurt', 1.50, 150.00, '2026-05-06 07:50:00', '2026-05-06 07:50:00'),
(9215, 9105, 'food_banana', 1.00, 100.00, '2026-05-06 07:50:00', '2026-05-06 07:50:00'),
(9216, 9105, 'food_nuts', 0.20, 20.00, '2026-05-06 07:50:00', '2026-05-06 07:50:00'),

(9217, 9106, 'food_tofu', 1.50, 150.00, '2026-05-05 19:00:00', '2026-05-05 19:00:00'),
(9218, 9106, 'food_salad', 1.20, 120.00, '2026-05-05 19:00:00', '2026-05-05 19:00:00'),
(9219, 9106, 'food_sweetpotato', 1.30, 130.00, '2026-05-05 19:00:00', '2026-05-05 19:00:00'),

(9220, 9107, 'food_rice', 2.00, 200.00, '2026-05-06 13:00:00', '2026-05-06 13:00:00'),
(9221, 9107, 'food_chicken', 1.80, 180.00, '2026-05-06 13:00:00', '2026-05-06 13:00:00'),
(9222, 9107, 'food_broccoli', 1.00, 100.00, '2026-05-06 13:00:00', '2026-05-06 13:00:00'),
(9223, 9107, 'food_egg', 1.00, 100.00, '2026-05-06 13:00:00', '2026-05-06 13:00:00'),

(9224, 9108, 'food_salmon', 1.80, 180.00, '2026-05-05 20:00:00', '2026-05-05 20:00:00'),
(9225, 9108, 'food_potato', 2.00, 200.00, '2026-05-05 20:00:00', '2026-05-05 20:00:00'),
(9226, 9108, 'food_soup', 2.00, 200.00, '2026-05-05 20:00:00', '2026-05-05 20:00:00'),

(9227, 9109, 'food_apple', 1.50, 150.00, '2026-05-06 08:30:00', '2026-05-06 08:30:00'),
(9228, 9109, 'food_yogurt', 1.50, 150.00, '2026-05-06 08:30:00', '2026-05-06 08:30:00'),
(9229, 9109, 'food_tofu', 1.00, 100.00, '2026-05-06 08:30:00', '2026-05-06 08:30:00'),

(9230, 9110, 'food_banana', 1.00, 100.00, '2026-05-05 16:30:00', '2026-05-05 16:30:00'),
(9231, 9110, 'food_nuts', 0.15, 15.00, '2026-05-05 16:30:00', '2026-05-05 16:30:00')
ON DUPLICATE KEY UPDATE
    diet_log_id = VALUES(diet_log_id),
    food_code = VALUES(food_code),
    serving_size = VALUES(serving_size),
    selected_grams = VALUES(selected_grams),
    created_at = VALUES(created_at),
    updated_at = VALUES(updated_at);

COMMIT;


